分類(英),分類(中),單字,中譯,詞性,合適的教學法,
Animals & insects,動物/昆蟲,animal,動物,名詞,,
Animals & insects,動物/昆蟲,bear,熊,名詞,,
Animals & insects,動物/昆蟲,bee,蜜蜂,名詞,,
Animals & insects,動物/昆蟲,bird,鳥,名詞,,
Animals & insects,動物/昆蟲,butterfly,蝴蝶,名詞,,
Animals & insects,動物/昆蟲,cat,貓,名詞,,
Animals & insects,動物/昆蟲,chicken,雞,名詞,,
Animals & insects,動物/昆蟲,cow,乳牛,名詞,,
Animals & insects,動物/昆蟲,dog,狗,名詞,,
Animals & insects,動物/昆蟲,duck,鴨子,名詞,,
Animals & insects,動物/昆蟲,elephant,大象,名詞,,
Animals & insects,動物/昆蟲,fish,魚,名詞,,
Animals & insects,動物/昆蟲,frog,青蛙,名詞,,
Animals & insects,動物/昆蟲,hippo,河馬,名詞,,
Animals & insects,動物/昆蟲,horse,馬,名詞,,
Animals & insects,動物/昆蟲,koala,無尾熊,名詞,,
Animals & insects,動物/昆蟲,lion,獅子,名詞,,
Animals & insects,動物/昆蟲,mice,老鼠 (複數),名詞,,
Animals & insects,動物/昆蟲,monkey,猴子,名詞,,
Animals & insects,動物/昆蟲,mouse,老鼠,名詞,,
Animals & insects,動物/昆蟲,panda,大貓熊,名詞,,
Animals & insects,動物/昆蟲,pet,寵物,名詞,,
Animals & insects,動物/昆蟲,pig,豬,名詞,,
Animals & insects,動物/昆蟲,rabbit,兔子,名詞,,
Animals & insects,動物/昆蟲,sheep,綿羊,名詞,,
Animals & insects,動物/昆蟲,snake,蛇,名詞,,
Animals & insects,動物/昆蟲,spider,蜘蛛,名詞,,
Animals & insects,動物/昆蟲,tiger,老虎,名詞,,
Animals & insects,動物/昆蟲,turtle,烏龜,名詞,,
Animals & insects,動物/昆蟲,whale,鯨魚,名詞,,
Animals & insects,動物/昆蟲,zebra,斑馬,名詞,,
Clothing & accessories,衣服/配件,bag,袋子,名詞,,
Clothing & accessories,衣服/配件,cap,棒球帽,名詞,,
Clothing & accessories,衣服/配件,clothes,衣服,名詞,,
Clothing & accessories,衣服/配件,coat,外套,名詞,,
Clothing & accessories,衣服/配件,dress,洋裝,名詞,,
Clothing & accessories,衣服/配件,glasses,眼鏡,名詞,,
Clothing & accessories,衣服/配件,hat,帽子,名詞,,
Clothing & accessories,衣服/配件,jacket,夾克、外套,名詞,,
Clothing & accessories,衣服/配件,pants,長褲,名詞,,
Clothing & accessories,衣服/配件,pocket,口袋,名詞,,
Clothing & accessories,衣服/配件,shirt,襯衫,名詞,,
Clothing & accessories,衣服/配件,shoes,鞋子,名詞,,
Clothing & accessories,衣服/配件,shorts,短褲,名詞,,
Clothing & accessories,衣服/配件,skirt,裙子,名詞,,
Clothing & accessories,衣服/配件,socks,襪子,名詞,,
Clothing & accessories,衣服/配件,sweater,毛衣,名詞,,
Clothing & accessories,衣服/配件,T-shirt,T 恤,名詞,,
Clothing & accessories,衣服/配件,umbrella,傘,名詞,,
Clothing & accessories,衣服/配件,wear,穿、戴,動詞,,
Colors,顏色,black,黑色的,形容詞,,
Colors,顏色,blue,藍色的,形容詞,,
Colors,顏色,brown,咖啡色的,形容詞,,
Colors,顏色,color,顏色,名詞,,
Colors,顏色,gray,灰色的,形容詞,,
Colors,顏色,green,綠色的,形容詞,,
Colors,顏色,orange,橘色的,形容詞,,
Colors,顏色,pink,粉紅色的,形容詞,,
Colors,顏色,purple,紫色的,形容詞,,
Colors,顏色,red,紅色的,形容詞,,
Colors,顏色,white,白色的,形容詞,,
Colors,顏色,yellow,黃色的,形容詞,,
Family,家庭,aunt,阿姨、姑姑、伯母、舅媽,名詞,,
Family,家庭,brother,哥哥、弟弟,名詞,,
Family,家庭,cousin,堂兄（弟、姊、妹),名詞,,
Family,家庭,dad,爸爸 (= father; daddy),名詞,,
Family,家庭,daddy,爸爸 (= father; dad),名詞,,
Family,家庭,daughter,女兒,名詞,,
Family,家庭,family,家庭、家人,名詞,,
Family,家庭,father,爸爸 (= dad; daddy),名詞,,
Family,家庭,grandfather,外公、爺爺 (= grandpa),名詞,,
Family,家庭,grandma,外婆、奶奶 (= grandmother),名詞,,
Family,家庭,grandmother,外婆、奶奶 (= grandma),名詞,,
Family,家庭,grandpa,外公、爺爺 (= grandfather),名詞,,
Family,家庭,grow,成長、長大,動詞,,
Family,家庭,live,住,動詞,,
Family,家庭,mom,媽媽 (= mother; mommy),名詞,,
Family,家庭,mommy,媽媽 (= mother; mom),名詞,,
Family,家庭,mother,媽媽 (= mom; mommy),名詞,,
Family,家庭,parent,父母親,名詞,,
Family,家庭,sister,姐姐、妹妹,名詞,,
Family,家庭,son,兒子,名詞,,
Family,家庭,uncle,叔叔、舅舅、姑丈、姨丈,名詞,,
Food & drink,食物/飲料,apple,蘋果,名詞,,
Food & drink,食物/飲料,banana,香蕉,名詞,,
Food & drink,食物/飲料,beef,牛肉,名詞,,
Food & drink,食物/飲料,bread,麵包,名詞,,
Food & drink,食物/飲料,breakfast,早餐,名詞,,
Food & drink,食物/飲料,cake,蛋糕,名詞,,
Food & drink,食物/飲料,candy,糖果,名詞,,
Food & drink,食物/飲料,chicken,雞肉,名詞,,
Food & drink,食物/飲料,chocolate,巧克力,名詞,,
Food & drink,食物/飲料,coffee,咖啡,名詞,,
Food & drink,食物/飲料,coke,可樂,名詞,,
Food & drink,食物/飲料,cook,做飯,動詞,,
Food & drink,食物/飲料,cookies,餅乾,名詞,,
Food & drink,食物/飲料,dinner,晚餐,名詞,,
Food & drink,食物/飲料,drink,喝,名詞,,
Food & drink,食物/飲料,duck,鴨肉,名詞,,
Food & drink,食物/飲料,dumpling,水餃,名詞,,
Food & drink,食物/飲料,eat,吃,動詞,,
Food & drink,食物/飲料,egg,蛋,名詞,,
Food & drink,食物/飲料,fish,魚肉,名詞,,
Food & drink,食物/飲料,food,食物,名詞,,
Food & drink,食物/飲料,French fries,薯條,名詞,,
Food & drink,食物/飲料,fruit,水果,名詞,,
Food & drink,食物/飲料,full,飽的,形容詞,,
Food & drink,食物/飲料,grape,葡萄,名詞,,
Food & drink,食物/飲料,hamburger,漢堡,名詞,,
Food & drink,食物/飲料,hungry,餓的,形容詞,,
Food & drink,食物/飲料,ice cream,冰淇淋,名詞,,
Food & drink,食物/飲料,juice,果汁,名詞,,
Food & drink,食物/飲料,lemon,檸檬,名詞,,
Food & drink,食物/飲料,lunch,午餐,名詞,,
Food & drink,食物/飲料,meal,餐,名詞,,
Food & drink,食物/飲料,milk,牛奶,名詞,,
Food & drink,食物/飲料,noodles,麵,名詞,,
Food & drink,食物/飲料,orange,橘子,名詞,,
Food & drink,食物/飲料,peach,桃子,名詞,,
Food & drink,食物/飲料,pie,派,名詞,,
Food & drink,食物/飲料,pizza,披薩,名詞,,
Food & drink,食物/飲料,pork,豬肉,名詞,,
Food & drink,食物/飲料,pumpkin,南瓜,名詞,,
Food & drink,食物/飲料,rice,米飯,名詞,,
Food & drink,食物/飲料,salad,沙拉,名詞,,
Food & drink,食物/飲料,sandwich,三明治,名詞,,
Food & drink,食物/飲料,soup,湯,名詞,,
Food & drink,食物/飲料,strawberry,草莓,名詞,,
Food & drink,食物/飲料,sweet,甜的,形容詞,,
Food & drink,食物/飲料,taste,嚐起來,動詞,,
Food & drink,食物/飲料,tea,茶,名詞,,
Food & drink,食物/飲料,thirsty,口渴的,形容詞,,
Food & drink,食物/飲料,water,水,名詞,,
Food & drink,食物/飲料,watermelon,西瓜,名詞,,
Food & drink,食物/飲料,yummy,好吃的、美味的,形容詞,,
Forms of address,稱謂,Miss,小姐,名詞,,
Forms of address,稱謂,Mr.,先生,名詞,,
Forms of address,稱謂,Mrs.,太太,名詞,,
Forms of address,稱謂,name,名字,名詞,,
Geographical terms,地理名詞,beach,海灘,名詞,,
Geographical terms,地理名詞,lake,湖,名詞,,
Geographical terms,地理名詞,mountain,山,名詞,,
Geographical terms,地理名詞,river,河流,名詞,,
Geographical terms,地理名詞,sea,大海,名詞,,
Holidays & festivals,節日/節慶,Christmas,聖誕節,名詞,,
Holidays & festivals,節日/節慶,Dragon Boat Festival,端午節,名詞,,
Holidays & festivals,節日/節慶,Easter,復活節,名詞,,
Holidays & festivals,節日/節慶,Halloween,萬聖節,名詞,,
Holidays & festivals,節日/節慶,Moon Festival,中秋節,名詞,,
Health,健康,cold,感冒,名詞,,
Health,健康,headache,頭痛,名詞,,
Health,健康,sick,生病的,形容詞,,
Health,健康,strong,強壯的,形容詞,,
Health,健康,tired,疲累的,形容詞,,
Health,健康,toothache,牙痛,名詞,,
Health,健康,well,好的、健康地,形容詞,,副詞
Houses & apartments,房子/公寓,bathroom,浴室,名詞,,
Houses & apartments,房子/公寓,bed,床,名詞,,
Houses & apartments,房子/公寓,bedroom,臥房,名詞,,
Houses & apartments,房子/公寓,chair,椅子,名詞,,
Houses & apartments,房子/公寓,clean,乾淨的,形容詞,,
Houses & apartments,房子/公寓,clean,清理,動詞,,
Houses & apartments,房子/公寓,computer,電腦,名詞,,
Houses & apartments,房子/公寓,desk,桌子,名詞,,
Houses & apartments,房子/公寓,dining room,(家裡的)餐廳,名詞,,
Houses & apartments,房子/公寓,door,門,名詞,,
Houses & apartments,房子/公寓,fan,電扇,名詞,,
Houses & apartments,房子/公寓,floor,地板,名詞,,
Houses & apartments,房子/公寓,fridge,電冰箱 (= refrigerator),名詞,,
Houses & apartments,房子/公寓,garden,院子、花園,名詞,,
Houses & apartments,房子/公寓,home,家庭,名詞,,
Houses & apartments,房子/公寓,house,房子,名詞,,
Houses & apartments,房子/公寓,key,鑰匙,名詞,,
Houses & apartments,房子/公寓,kitchen,廚房,名詞,,
Houses & apartments,房子/公寓,lamp,燈,名詞,,
Houses & apartments,房子/公寓,living room,客廳,名詞,,
Houses & apartments,房子/公寓,mop,用拖把拖地,動詞,,
Houses & apartments,房子/公寓,refrigerator,電冰箱 (= fridge),名詞,,
Houses & apartments,房子/公寓,shelf,架子,名詞,,
Houses & apartments,房子/公寓,shower,淋浴,名詞,,
Houses & apartments,房子/公寓,sofa,沙發,名詞,,
Houses & apartments,房子/公寓,street,街道,名詞,,
Houses & apartments,房子/公寓,sweep,掃,動詞,,
Houses & apartments,房子/公寓,table,桌子,名詞,,
Houses & apartments,房子/公寓,telephone,電話,名詞,,
Houses & apartments,房子/公寓,television,電視 (= TV),名詞,,
Houses & apartments,房子/公寓,towel,毛巾,名詞,,
Houses & apartments,房子/公寓,TV,電視 (= television),名詞,,
Houses & apartments,房子/公寓,wall,牆壁,名詞,,
Houses & apartments,房子/公寓,wash,洗,動詞,,
Houses & apartments,房子/公寓,window,窗戶,名詞,,
Money,金錢,buy,買,動詞,,
Money,金錢,dollar,元,名詞,,
Money,金錢,free,免費的,形容詞,,
Money,金錢,money,錢,名詞,,
Numbers,數字,all,全部的,限定詞,,
Numbers,數字,both,兩個都,限定詞,,
Numbers,數字,eight,八,數字,,
Numbers,數字,eighteen,十八,數字,,
Numbers,數字,eighty,八十,數字,,
Numbers,數字,eleven,十一,數字,,
Numbers,數字,fifteen,十五,數字,,
Numbers,數字,fifty,五十,數字,,
Numbers,數字,first,第一,數字,,
Numbers,數字,five,五,數字,,
Numbers,數字,forty,四十,數字,,
Numbers,數字,four,四,數字,,
Numbers,數字,fourteen,十四,數字,,
Numbers,數字,hundred,一百,數字,,
Numbers,數字,last,最後的,限定詞,形容詞,
Numbers,數字,many,許多(例如many flowers),限定詞,形容詞,
Numbers,數字,more,更多、較多,限定詞,,副詞
Numbers,數字,much,許多(例如much water),限定詞,副詞,
Numbers,數字,nine,九,數字,,
Numbers,數字,nineteen,十九,數字,,
Numbers,數字,ninety,九十,數字,,
Numbers,數字,number,數字,名詞,,
Numbers,數字,one,一,數字,,
Numbers,數字,second,第二,數字,,
Numbers,數字,seven,七,數字,,
Numbers,數字,seventeen,十七,數字,,
Numbers,數字,seventy,七十,數字,,
Numbers,數字,six,六,數字,,
Numbers,數字,sixteen,十六,數字,,
Numbers,數字,Sixty,六十,數字,,
Numbers,數字,some,一些,限定詞,,
Numbers,數字,ten,十,數字,,
Numbers,數字,third,第三,數字,,
Numbers,數字,thirteen,十三,數字,,
Numbers,數字,thirty,三十,數字,,
Numbers,數字,three,三,數字,,
Numbers,數字,twelve,十二,數字,,
Numbers,數字,twenty,二十,數字,,
Numbers,數字,two,二,數字,,
Numbers,數字,zero,零,數字,,
Occupations,工作,actor,男演員,名詞,,
Occupations,工作,actress,女演員,名詞,,
Occupations,工作,cook,廚師,名詞,,
Occupations,工作,doctor,醫生,名詞,,
Occupations,工作,driver,司機、駕駛員,名詞,,
Occupations,工作,farmer,農夫,名詞,,
Occupations,工作,job,工作、職業,名詞,,
Occupations,工作,mailman,郵差,名詞,,
Occupations,工作,nurse,護士,名詞,,
Occupations,工作,police officer,警察,名詞,,
Occupations,工作,singer,歌手,名詞,,
Occupations,工作,soldier,軍人,名詞,,
Occupations,工作,waiter,男服務生,名詞,,
Occupations,工作,waitress,女服務生,名詞,,
Occupations,工作,work,工作,名詞,,
Occupations,工作,worker,工作者,名詞,,
Parts of body,身體部位,arm,手臂,名詞,,
Parts of body,身體部位,back,背,名詞,,
Parts of body,身體部位,ear,耳朵,名詞,,
Parts of body,身體部位,eye,眼睛,名詞,,
Parts of body,身體部位,face,臉,名詞,,
Parts of body,身體部位,feet,腳 (複數),名詞,,
Parts of body,身體部位,foot,腳,名詞,,
Parts of body,身體部位,hair,頭髮,名詞,,
Parts of body,身體部位,hand,手,名詞,,
Parts of body,身體部位,head,頭,名詞,,
Parts of body,身體部位,leg,腿,名詞,,
Parts of body,身體部位,mouth,嘴巴,名詞,,
Parts of body,身體部位,nose,鼻子,名詞,,
Parts of body,身體部位,teeth,牙齒 (複數),名詞,,
Parts of body,身體部位,tooth,牙齒,名詞,,
People,人,baby,嬰兒,名詞,,
People,人,boy,男孩,名詞,,
People,人,girl,女孩,名詞,,
People,人,kid,小孩,名詞,,
People,人,man,男人,名詞,,
People,人,men,男人 (複數),名詞,,
People,人,people,人 (複數),名詞,,
People,人,person,人,名詞,,
People,人,woman,女人,名詞,,
People,人,women,女人 (複數),名詞,,
Personal characteristics,個性/特點,angry,生氣的,形容詞,,
Personal characteristics,個性/特點,bad,不好的、壞的,形容詞,,
Personal characteristics,個性/特點,beautiful,美麗的、漂亮的,形容詞,,
Personal characteristics,個性/特點,bored,覺得無聊的,形容詞,,
Personal characteristics,個性/特點,boring,令人無聊的,形容詞,,
Personal characteristics,個性/特點,busy,忙碌的,形容詞,,
Personal characteristics,個性/特點,cute,可愛的,形容詞,,
Personal characteristics,個性/特點,excited,覺得興奮的,形容詞,,
Personal characteristics,個性/特點,exciting,令人興奮的,形容詞,,
Personal characteristics,個性/特點,good,好的,形容詞,,
Personal characteristics,個性/特點,happy,開心的、高興的,形容詞,,
Personal characteristics,個性/特點,heavy,重的 (人),形容詞,,
Personal characteristics,個性/特點,lazy,懶惰的,形容詞,,
Personal characteristics,個性/特點,mad,生氣的、氣憤的,形容詞,,
Personal characteristics,個性/特點,nice,令人愉快的、宜人的,形容詞,,
Personal characteristics,個性/特點,old,1. 年紀、年齡；2. 老的,形容詞,,
Personal characteristics,個性/特點,pretty,漂亮的,形容詞,,
Personal characteristics,個性/特點,sad,傷心的、難過的,形容詞,,
Personal characteristics,個性/特點,short,矮的,形容詞,,
Personal characteristics,個性/特點,smart,聰明的,形容詞,,
Personal characteristics,個性/特點,tall,高的,形容詞,,
Personal characteristics,個性/特點,thin,瘦的,形容詞,,
Personal characteristics,個性/特點,young,年輕的,形容詞,,
Places & directions,地點/方位,back,向後、回原處,副詞,,
Places & directions,地點/方位,bank,銀行,名詞,,
Places & directions,地點/方位,bookstore,書店,名詞,,
Places & directions,地點/方位,department store,百貨公司,名詞,,
Places & directions,地點/方位,fire station,消防站,名詞,,
Places & directions,地點/方位,here,這裡,副詞,,
Places & directions,地點/方位,hospital,醫院,名詞,,
Places & directions,地點/方位,Japan,日本,名詞,,
Places & directions,地點/方位,left,左邊(的),形容詞,副詞,
Places & directions,地點/方位,market,市場,名詞,,
Places & directions,地點/方位,movie theater,電影院,名詞,,
Places & directions,地點/方位,museum,博物館,名詞,,
Places & directions,地點/方位,office,辦公室,名詞,,
Places & directions,地點/方位,park,公園,名詞,,
Places & directions,地點/方位,police station,警察局,名詞,,
Places & directions,地點/方位,post office,郵局,名詞,,
Places & directions,地點/方位,restaurant,餐廳,名詞,,
Places & directions,地點/方位,restroom,洗手間、廁所,名詞,,
Places & directions,地點/方位,right,右邊,形容詞,副詞,
Places & directions,地點/方位,shop,商店 (UK; 英式英語),名詞,,
Places & directions,地點/方位,store,商店 (US; 美式英語),名詞,,
Places & directions,地點/方位,supermarket,超級市場,名詞,,
Places & directions,地點/方位,Taiwan,臺灣,名詞,,
Places & directions,地點/方位,there,那裡,副詞,,
Places & directions,地點/方位,UK,英國,名詞,,
Places & directions,地點/方位,USA,美國,名詞,,
Places & directions,地點/方位,zoo,動物園,名詞,,
School,學校,answer,回答,動詞,,
School,學校,art,美術、藝術,名詞,,
School,學校,ask,問,動詞,,
School,學校,blackboard,黑板,名詞,,
School,學校,book,書、書本,名詞,,
School,學校,Chinese,中文,名詞,,
School,學校,class,課；班級,名詞,,
School,學校,classroom,教室,名詞,,
School,學校,draw,畫、描畫,動詞,,
School,學校,English,英文,名詞,,
School,學校,eraser,橡皮擦,名詞,,
School,學校,friend,朋友,名詞,,
School,學校,glue,膠水,名詞,,
School,學校,homework,回家作業,名詞,,
School,學校,library,圖書館,名詞,,
School,學校,listen,聽,動詞,,
School,學校,marker,麥克筆,名詞,,
School,學校,math,數學,名詞,,
School,學校,music,音樂,名詞,,
School,學校,paper,紙張,名詞,,
School,學校,PE,體育（課）,名詞,,
School,學校,pen,筆、鋼筆,名詞,,
School,學校,pencil,鉛筆,名詞,,
School,學校,picture,圖片、照片,名詞,,
School,學校,question,問題,名詞,,
School,學校,read,閱讀,動詞,,
School,學校,ruler,尺,名詞,,
School,學校,say,說,動詞,,
School,學校,school,學校,名詞,,
School,學校,science,科學,名詞,,
School,學校,speak,說,動詞,,
School,學校,spell,拼寫、用字母拼,動詞,,
School,學校,story,故事,名詞,,
School,學校,student,學生,名詞,,
School,學校,study,學習,動詞,,
School,學校,talk,說話、談話,動詞,,
School,學校,teacher,老師,名詞,,
School,學校,test,考試,名詞,,
School,學校,vacation,假期,名詞,,
School,學校,write,寫,動詞,,
Sizes & measurements,尺寸/計量,big,大的,形容詞,,
Sizes & measurements,尺寸/計量,heavy,重的 (物品),形容詞,,
Sizes & measurements,尺寸/計量,high,高的,形容詞,,
Sizes & measurements,尺寸/計量,light,輕的,形容詞,,
Sizes & measurements,尺寸/計量,long,長的,形容詞,,
Sizes & measurements,尺寸/計量,pair,一雙、一對,名詞,,
Sizes & measurements,尺寸/計量,short,短的,形容詞,,
Sizes & measurements,尺寸/計量,small,小的,形容詞,,
Sports interests & hobbies,運動/興趣/嗜好,ball,球,名詞,,
Sports interests & hobbies,運動/興趣/嗜好,baseball,棒球,名詞,,
Sports interests & hobbies,運動/興趣/嗜好,basketball,籃球,名詞,,
Sports interests & hobbies,運動/興趣/嗜好,card,卡片,名詞,,
Sports interests & hobbies,運動/興趣/嗜好,climb,爬、攀爬,動詞,,
Sports interests & hobbies,運動/興趣/嗜好,dance,跳舞,動詞,,
Sports interests & hobbies,運動/興趣/嗜好,doll,玩偶,名詞,,
Sports interests & hobbies,運動/興趣/嗜好,drum,鼓,名詞,,
Sports interests & hobbies,運動/興趣/嗜好,fish,釣魚,動詞,,
Sports interests & hobbies,運動/興趣/嗜好,football,足球 (UK; 英式英語),名詞,,
Sports interests & hobbies,運動/興趣/嗜好,game,遊戲、比賽,名詞,,
Sports interests & hobbies,運動/興趣/嗜好,hike,健行,動詞,,
Sports interests & hobbies,運動/興趣/嗜好,kite,風箏,動詞,,
Sports interests & hobbies,運動/興趣/嗜好,movie,電影,名詞,,
Sports interests & hobbies,運動/興趣/嗜好,paint,用顏料畫、刷油漆,動詞,,
Sports interests & hobbies,運動/興趣/嗜好,piano,鋼琴,名詞,,
Sports interests & hobbies,運動/興趣/嗜好,play,玩,動詞,,
Sports interests & hobbies,運動/興趣/嗜好,run,跑、跑步,動詞,,
Sports interests & hobbies,運動/興趣/嗜好,sing,唱歌,動詞,,
Sports interests & hobbies,運動/興趣/嗜好,soccer,足球 (US; 美式英語),名詞,,
Sports interests & hobbies,運動/興趣/嗜好,song,歌曲,名詞,,
Sports interests & hobbies,運動/興趣/嗜好,sport,運動,名詞,,
Sports interests & hobbies,運動/興趣/嗜好,swim,游泳,動詞,,
Sports interests & hobbies,運動/興趣/嗜好,toy,玩具,名詞,,
Sports interests & hobbies,運動/興趣/嗜好,trip,（短程的）旅行,名詞,,
Sports interests & hobbies,運動/興趣/嗜好,win,贏,動詞,,
Sports interests & hobbies,運動/興趣/嗜好,yo-yo,溜溜球,名詞,,
Tableware,餐具,chopsticks,筷子,名詞,,
Tableware,餐具,cup,杯子,名詞,,
Tableware,餐具,dish,碟子、盤子,名詞,,
Tableware,餐具,fork,叉子,名詞,,
Tableware,餐具,glass,玻璃杯,名詞,,
Tableware,餐具,knife,刀子,名詞,,
Tableware,餐具,spoon,湯匙,名詞,,
Time,時間,afternoon,下午,名詞,,
Time,時間,April,四月,名詞,,
Time,時間,August,八月,名詞,,
Time,時間,clock,時鐘,名詞,,
Time,時間,day,天,名詞,,
Time,時間,December,十二月,名詞,,
Time,時間,early,早到（的）,形容詞,副詞,
Time,時間,evening,傍晚,名詞,,
Time,時間,fall,秋天,名詞,,
Time,時間,February,二月,名詞,,
Time,時間,Friday,星期五,名詞,,
Time,時間,January,一月,名詞,,
Time,時間,July,七月,名詞,,
Time,時間,June,六月,名詞,,
Time,時間,late,晚到（的）,形容詞,副詞,
Time,時間,March,三月,名詞,,
Time,時間,May,五月,名詞,,
Time,時間,Monday,星期一,名詞,,
Time,時間,month,月,名詞,,
Time,時間,morning,早上,名詞,,
Time,時間,night,晚上,名詞,,
Time,時間,November,十一月,名詞,,
Time,時間,now,現在,副詞,,
Time,時間,o'clock,...點鐘,副詞,,
Time,時間,October,十月,名詞,,
Time,時間,Saturday,星期六,名詞,,
Time,時間,season,季節,名詞,,
Time,時間,September,九月,名詞,,
Time,時間,spring,春天,名詞,,
Time,時間,summer,夏天,名詞,,
Time,時間,Sunday,星期日,名詞,,
Time,時間,Thursday,星期四,名詞,,
Time,時間,time,時間,名詞,,
Time,時間,today,今天,名詞,,
Time,時間,tomorrow,明天,名詞,,
Time,時間,Tuesday,星期二,名詞,,
Time,時間,watch,手錶,名詞,,
Time,時間,Wednesday,星期三,名詞,,
Time,時間,week,星期,名詞,,
Time,時間,winter,冬天,名詞,,
Time,時間,year,年,名詞,,
Time,時間,yesterday,昨天,名詞,,
Transportation,運輸,airplane,飛機 (= plane),名詞,,
Transportation,運輸,airport,機場,名詞,,
Transportation,運輸,bicycle,腳踏車 (= bike),名詞,,
Transportation,運輸,bike,腳踏車 (= bicycle),名詞,,
Transportation,運輸,boat,船,名詞,,
Transportation,運輸,bus,公車,名詞,,
Transportation,運輸,bus stop,公車站,名詞,,
Transportation,運輸,car,車子,名詞,,
Transportation,運輸,drive,開車,動詞,,
Transportation,運輸,fast,快速的（地）,形容詞、副詞,,
Transportation,運輸,fly,飛、飛行,動詞,,
Transportation,運輸,motorcycle,摩托車,名詞,,
Transportation,運輸,MRT,捷運,名詞,,
Transportation,運輸,plane,飛機 (= airplane),名詞,,
Transportation,運輸,ride,騎（機車、腳踏車等）,動詞,,
Transportation,運輸,scooter,輕型機車,名詞,,
Transportation,運輸,ship,（大）船,名詞,,
Transportation,運輸,slow,慢的,形容詞,,
Transportation,運輸,station,車站,名詞,,
Transportation,運輸,taxi,計程車,名詞,,
Transportation,運輸,train,火車,名詞,,
Transportation,運輸,truck,卡車,名詞,,
Transportation,運輸,turn,轉彎,動詞,,
Weather & nature,天氣/自然,cloudy,多雲的,形容詞,,
Weather & nature,天氣/自然,cold,寒冷的,形容詞,,
Weather & nature,天氣/自然,cool,涼爽的,形容詞,,
Weather & nature,天氣/自然,hot,熱的,形容詞,,
Weather & nature,天氣/自然,moon,月亮,名詞,,
Weather & nature,天氣/自然,rain,下雨,動詞,,
Weather & nature,天氣/自然,rain,雨水,名詞,,
Weather & nature,天氣/自然,rainbow,彩虹,名詞,,
Weather & nature,天氣/自然,rainy,下雨的/多雨的,形容詞,,
Weather & nature,天氣/自然,sky,天空,名詞,,
Weather & nature,天氣/自然,snow,下雪,動詞,,
Weather & nature,天氣/自然,snow,雪,名詞,,
Weather & nature,天氣/自然,star,星星,名詞,,
Weather & nature,天氣/自然,sun,太陽,名詞,,
Weather & nature,天氣/自然,sunny,晴朗的、出太陽的,形容詞,,
Weather & nature,天氣/自然,typhoon,颱風,名詞,,
Weather & nature,天氣/自然,warm,溫暖的,形容詞,,
Weather & nature,天氣/自然,weather,天氣,名詞,,
Weather & nature,天氣/自然,wet,潮濕的,形容詞,,
Weather & nature,天氣/自然,wind,風,名詞,,
Weather & nature,天氣/自然,windy,風大的,形容詞,,
Articles & determiners,冠詞/限定詞,a,一個,冠詞,,
Articles & determiners,冠詞/限定詞,an,一個,冠詞,,
Articles & determiners,冠詞/限定詞,every,每一個,限定詞,,
Articles & determiners,冠詞/限定詞,her,她的,限定詞,,
Articles & determiners,冠詞/限定詞,his,他的,限定詞,,
Articles & determiners,冠詞/限定詞,its,它的、牠的,限定詞,,
Articles & determiners,冠詞/限定詞,my,我的,限定詞,,
Articles & determiners,冠詞/限定詞,our,我們的,限定詞,,
Articles & determiners,冠詞/限定詞,that,那個,限定詞,,
Articles & determiners,冠詞/限定詞,the,這,冠詞,,
Articles & determiners,冠詞/限定詞,their,他們的,限定詞,,
Articles & determiners,冠詞/限定詞,these,這些,限定詞,,
Articles & determiners,冠詞/限定詞,this,這個,限定詞,,
Articles & determiners,冠詞/限定詞,those,那些,限定詞,,
Articles & determiners,冠詞/限定詞,your,你的、你們的,限定詞,,
Pronouns,代名詞,he,他,代名詞,,
Pronouns,代名詞,her,她,代名詞,,
Pronouns,代名詞,him,他(受詞),代名詞,,
Pronouns,代名詞,I,我,代名詞,,
Pronouns,代名詞,it,它、牠,代名詞,,
Pronouns,代名詞,me,我(受詞),代名詞,,
Pronouns,代名詞,nothing,什麼都沒有,代名詞,,
Pronouns,代名詞,she,她,代名詞,,
Pronouns,代名詞,them,他們(受詞),代名詞,,
Pronouns,代名詞,they,他們,代名詞,,
Pronouns,代名詞,us,我們(受詞),代名詞,,
Pronouns,代名詞,we,我們,代名詞,,
Pronouns,代名詞,you,你；你們,代名詞,,
Be & auxiliaries,be動詞/助動詞,be,是 (is、am、are),助動詞,,
Be & auxiliaries,be動詞/助動詞,can,可以,助動詞,,
Be & auxiliaries,be動詞/助動詞,do,助動詞,助動詞,,
Be & auxiliaries,be動詞/助動詞,have,助動詞,助動詞,,
Be & auxiliaries,be動詞/助動詞,will,將會,助動詞,,
Conjunctions,連接詞,and,和,連接詞,,
Conjunctions,連接詞,because,因為,連接詞,,
Conjunctions,連接詞,but,但是,連接詞,,
Interjections,感嘆詞,bye,再見 (= goodbye),感嘆詞,,
Interjections,感嘆詞,excuse me,不好意思、對不起,感嘆詞,,
Interjections,感嘆詞,goodbye,再見 (= bye),感嘆詞,,
Interjections,感嘆詞,hello,哈囉,感嘆詞,,
Interjections,感嘆詞,hi,嗨,感嘆詞,,
Interjections,感嘆詞,please,請,感嘆詞,,
Prepositions,介系詞,about,1. 大約；2. 關於...,介系詞,,
Prepositions,介系詞,after,在...之後,介系詞,,
Prepositions,介系詞,at,在(某處)、在(時刻),介系詞,,
Prepositions,介系詞,before,在...之前,介系詞、連接詞,,
Prepositions,介系詞,behind,在...後面,介系詞,,
Prepositions,介系詞,by,在...旁邊,介系詞,,
Prepositions,介系詞,for,給、為了(某人、物),介系詞,,
Prepositions,介系詞,from,從(某處)/(某時刻)/(某人),介系詞,,
Prepositions,介系詞,in,在...裡面、在某短時間裡,介系詞,,
Prepositions,介系詞,in front of,在...前面,介系詞,,
Prepositions,介系詞,inside,在...裡面、向...裡面,介系詞,,
Prepositions,介系詞,near,靠近、接近,介系詞,,
Prepositions,介系詞,next to,在...旁邊,介系詞,,
Prepositions,介系詞,of,...的,介系詞,,
Prepositions,介系詞,off,離開、從...去掉,介系詞,,
Prepositions,介系詞,on,在...上面；在(某一天),介系詞,,
Prepositions,介系詞,out,向外地,介系詞,,
Prepositions,介系詞,outside,在...外面、向...外面,介系詞,,
Prepositions,介系詞,over,在...上方,介系詞,,
Prepositions,介系詞,than,比,介系詞,,
Prepositions,介系詞,to,向、朝、對著,介系詞,,
Prepositions,介系詞,under,在...下方,介系詞,,
Prepositions,介系詞,up,向上,介系詞,,
Prepositions,介系詞,with,和...一起,介系詞,,
Other nouns,其他名詞,birthday,生日,名詞,,
Other nouns,其他名詞,bottle,瓶子,名詞,,
Other nouns,其他名詞,box,箱子,名詞,,
Other nouns,其他名詞,can,罐子,名詞,,
Other nouns,其他名詞,cellphone,手機,名詞,,
Other nouns,其他名詞,dream,夢,名詞,,
Other nouns,其他名詞,email,電子郵件,名詞,,
Other nouns,其他名詞,flower,花,名詞,,
Other nouns,其他名詞,fun,樂趣,名詞,,
Other nouns,其他名詞,gift,禮物,名詞,,
Other nouns,其他名詞,mail,信,名詞,,
Other nouns,其他名詞,party,派對,名詞,,
Other nouns,其他名詞,photo,照片,名詞,,
Other nouns,其他名詞,robot,機器人,名詞,,
Other nouns,其他名詞,sale,拍賣、特價,名詞,,
Other nouns,其他名詞,thing,東西、物,名詞,,
Other nouns,其他名詞,ticket,票,名詞,,
Other nouns,其他名詞,trash,垃圾,名詞,,
Other nouns,其他名詞,tree,樹,名詞,,
Other nouns,其他名詞,way,路、方向,名詞,,
Other nouns,其他名詞,word,字,名詞,,
Other verbs,其他動詞,bite,咬,動詞,,
Other verbs,其他動詞,brush,用刷子刷,動詞,,
Other verbs,其他動詞,call,打電話給...,動詞,,
Other verbs,其他動詞,close,關,動詞,,
Other verbs,其他動詞,come,來,動詞,,
Other verbs,其他動詞,cry,哭、哭泣,動詞,,
Other verbs,其他動詞,do,做,動詞,,
Other verbs,其他動詞,enjoy,享受、喜歡,動詞,,
Other verbs,其他動詞,fall,掉落,動詞,,
Other verbs,其他動詞,feel,感受、感覺,動詞,,
Other verbs,其他動詞,find,找,動詞,,
Other verbs,其他動詞,get,得到、收到,動詞,,
Other verbs,其他動詞,give,給,動詞,,
Other verbs,其他動詞,go,去、走,動詞,,
Other verbs,其他動詞,have,有,動詞,,
Other verbs,其他動詞,help,幫助,動詞,,
Other verbs,其他動詞,hit,打、碰撞,動詞,,
Other verbs,其他動詞,hope,希望,動詞,,
Other verbs,其他動詞,hurry,趕快、急忙,動詞,,
Other verbs,其他動詞,hurt,受傷,動詞,,
Other verbs,其他動詞,jump,跳,動詞,,
Other verbs,其他動詞,know,知道、認識,動詞,,
Other verbs,其他動詞,laugh,笑,動詞,,
Other verbs,其他動詞,let's,讓我們...,動詞,,
Other verbs,其他動詞,like,喜歡,動詞,,
Other verbs,其他動詞,look,看、看起來,動詞,,
Other verbs,其他動詞,love,愛、喜愛,動詞,,
Other verbs,其他動詞,make,做、製造,動詞,,
Other verbs,其他動詞,meet,遇見、會面,動詞,,
Other verbs,其他動詞,miss,想念,動詞,,
Other verbs,其他動詞,need,需要,動詞,,
Other verbs,其他動詞,open,開,動詞,,
Other verbs,其他動詞,pick up,撿起、接（人）、接（電話）,動詞,,
Other verbs,其他動詞,put,放,動詞,,
Other verbs,其他動詞,see,看見,動詞,,
Other verbs,其他動詞,show,給...看、展示,動詞,,
Other verbs,其他動詞,sit,坐下,動詞,,
Other verbs,其他動詞,sleep,睡覺,動詞,,
Other verbs,其他動詞,smell,聞起來,動詞,,
Other verbs,其他動詞,stand,站、站立,動詞,,
Other verbs,其他動詞,start,開始,動詞,,
Other verbs,其他動詞,stop,停下來,動詞,,
Other verbs,其他動詞,take,攜帶、拿取,動詞,,
Other verbs,其他動詞,tell,告訴、告知,動詞,,
Other verbs,其他動詞,thank,感謝（某人）,動詞,,
Other verbs,其他動詞,touch,觸碰,動詞,,
Other verbs,其他動詞,try,嘗試,動詞,,
Other verbs,其他動詞,wait,等、等待,動詞,,
Other verbs,其他動詞,wake,醒來、喚醒,動詞,,
Other verbs,其他動詞,walk,走路,動詞,,
Other verbs,其他動詞,want,想要,動詞,,
Other verbs,其他動詞,watch,看,動詞,,
Other verbs,其他動詞,welcome,歡迎,動詞,,
Other verbs,其他動詞,worry,擔心,動詞,,
Other adjectives,其他形容詞,cool,清涼的,形容詞,,
Other adjectives,其他形容詞,different,不一樣的,形容詞,,
Other adjectives,其他形容詞,dirty,髒的,形容詞,,
Other adjectives,其他形容詞,easy,簡單的,形容詞,,
Other adjectives,其他形容詞,favorite,最喜歡的,形容詞,,
Other adjectives,其他形容詞,fine,很好的、很不錯的,形容詞,,
Other adjectives,其他形容詞,fun,有趣的,形容詞,,
Other adjectives,其他形容詞,great,很棒的,形容詞,,
Other adjectives,其他形容詞,hard,困難的,形容詞,,
Other adjectives,其他形容詞,hot,燙的,形容詞,,
Other adjectives,其他形容詞,interesting,有趣的,形容詞,,
Other adjectives,其他形容詞,new,新的,形容詞,,
Other adjectives,其他形容詞,OK,好的,形容詞,,
Other adjectives,其他形容詞,only,僅有的,形容詞,,
Other adjectives,其他形容詞,other,其他的,形容詞,代名詞,限定詞
Other adjectives,其他形容詞,quiet,安靜的,形容詞,,
Other adjectives,其他形容詞,ready,準備好的,形容詞,,
Other adjectives,其他形容詞,right,對的,形容詞,,
Other adjectives,其他形容詞,sorry,感到抱歉的、對不起,形容詞,,
Other adjectives,其他形容詞,sure,確定的,形容詞,,
Other adjectives,其他形容詞,wet,濕的,形容詞,,
Other adjectives,其他形容詞,wonderful,很棒的、精彩的,形容詞,,
Other adverbs,其他副詞,again,再一次、又一次,副詞,,
Other adverbs,其他副詞,always,總是、永遠,副詞,,
Other adverbs,其他副詞,away,離開,副詞,,
Other adverbs,其他副詞,maybe,也許,副詞,,
Other adverbs,其他副詞,never,不曾,副詞,,
Other adverbs,其他副詞,no,不,副詞,,
Other adverbs,其他副詞,not,不、沒有,副詞,,
Other adverbs,其他副詞,OK,沒事,副詞,,
Other adverbs,其他副詞,only,唯一地,副詞,,
Other adverbs,其他副詞,really,真正地,副詞,,
Other adverbs,其他副詞,so,所以,副詞,,
Other adverbs,其他副詞,sometimes,有時候,副詞,,
Other adverbs,其他副詞,still,仍然,副詞,,
Other adverbs,其他副詞,sure,當然,副詞,,
Other adverbs,其他副詞,then,然後,接著,副詞,
Other adverbs,其他副詞,together,一起,副詞,,
Other adverbs,其他副詞,too,1. 也；2. 太...,副詞,,
Other adverbs,其他副詞,usually,通常,副詞,,
Other adverbs,其他副詞,very,非常,副詞,,
Other adverbs,其他副詞,yes,是,副詞,,
Wh-words,疑問詞,how,如何...,副詞,,
Wh-words,疑問詞,what,什麼...,代名詞,,
Wh-words,疑問詞,when,何時...,副詞,,
Wh-words,疑問詞,where,在哪裡...,副詞,,
Wh-words,疑問詞,which,哪一個...,限定詞,,
Wh-words,疑問詞,who,誰...,代名詞,,
Wh-words,疑問詞,whose,誰的...,限定詞,,
Wh-words,疑問詞,why,為什麼...,副詞,,